{"ACC:X": {"max": 8225.6, "min": -0.002942307692307693}, "ACC:Y": {"max": 98.474, "min": -0.003013840830449827}, "ACC:Z": {"max": 99.74150000000002, "min": -0.002781609195402299}, "EDA": {"max": 99.414, "min": -10.0}, "GYRO:X": {"max": 399.84100000000007, "min": -0.09061377245508982}, "GYRO:Y": {"max": 99.2676, "min": -0.08827526132404181}, "GYRO:Z": {"max": 98.9074, "min": -0.08784716157205241}, "HUMIDITY": {"max": 99.73394444444445, "min": -0.003}, "MAG:X": {"max": 7.135944700460829, "min": -0.008428571428571428}, "MAG:Y": {"max": 6.882016036655212, "min": -0.0030930232558139537}, "MAG:Z": {"max": 99.99029411764704, "min": -0.00425}, "PPG:GRN": {"max": 9984.4, "min": -0.09429032258064517}, "PPG:IR": {"max": 95.9596, "min": -0.09755813953488372}, "PPG:RED": {"max": 95.7886, "min": -0.09913999999999999}, "TEMP": {"max": 8.25723015873016, "min": -0.13054545454545455}, "THERM": {"max": 97.90766666666669, "min": -0.0048000000000000004}}