{"ACC:X": {"max": 148227.4, "min": -7.876153846153845}, "ACC:Y": {"max": 9313.2, "min": -530.42}, "ACC:Z": {"max": 994.5576265822785, "min": -593.738}, "EDA": {"max": 999.8059373669809, "min": -51.44529262086514}, "GYRO:X": {"max": 935.6281666666667, "min": -944.7386}, "GYRO:Y": {"max": 791.8028, "min": -698.1632}, "GYRO:Z": {"max": 830.7982, "min": -820.5505999999999}, "HUMIDITY": {"max": 207888.4, "min": -3.5549999999999997}, "MAG:X": {"max": 43.07692307692308, "min": -80.88775510204081}, "MAG:Y": {"max": 43.04651162790697, "min": -83.06382978723404}, "MAG:Z": {"max": 100.06077777777779, "min": -82.01626016260163}, "PPG:GRN": {"max": 10397.0, "min": -292.7}, "PPG:IR": {"max": 207577.2, "min": -359.31980000000004}, "PPG:RED": {"max": 155403.0, "min": -256.1156}, "TEMP": {"max": 40.1908, "min": -36.743857142857145}, "THERM": {"max": 202833.6, "min": -79.42857142857143}}