{"ACC:X": {"max": 148227.4, "min": -7.876153846153845, "quantile": [-0.128, 0.338, 0.937]}, "ACC:Y": {"max": 9313.2, "min": -530.42, "quantile": [-0.259, -0.011, 0.281]}, "ACC:Z": {"max": 994.5576265822785, "min": -593.738, "quantile": [-0.75, 0.017, 1.16]}, "EDA": {"max": 999.8059373669809, "min": -51.44529262086514, "quantile": [1.199, 1.615, 3.2305]}, "GYRO:X": {"max": 935.6281666666667, "min": -944.7386, "quantile": [-5.402, 0.854, 10.444749999999999]}, "GYRO:Y": {"max": 791.8028, "min": -698.1632, "quantile": [-15.167, -0.397, 9.033]}, "GYRO:Z": {"max": 830.7982, "min": -820.5505999999999, "quantile": [-3.021, 4.364, 19.043]}, "HUMIDITY": {"max": 207888.4, "min": -3.5549999999999997, "quantile": [0.41, 63.523, 97.722]}, "MAG:X": {"max": 43.07692307692308, "min": -80.88775510204081, "quantile": [-39.0, -1.0, 24.0]}, "MAG:Y": {"max": 43.04651162790697, "min": -83.06382978723404, "quantile": [-22.0, -9.0, 15.0]}, "MAG:Z": {"max": 100.06077777777779, "min": -82.01626016260163, "quantile": [-52.0, -29.0, 34.982]}, "PPG:GRN": {"max": 10397.0, "min": -292.7, "quantile": [5567.0, 6162.0, 7172.0]}, "PPG:IR": {"max": 207577.2, "min": -359.31980000000004, "quantile": [170192.0, 180377.0, 192343.5]}, "PPG:RED": {"max": 155403.0, "min": -256.1156, "quantile": [123629.0, 134035.0, 139773.75]}, "TEMP": {"max": 40.1908, "min": -36.743857142857145, "quantile": [34.5685, 35.4055, 36.918]}, "THERM": {"max": 202833.6, "min": -79.42857142857143, "quantile": [-0.515, 35.267, 37.755]}}