{"ACC:X": {"max": 148227.4, "min": -7.876153846153845, "quantile": [-0.523, 0.338, 0.995]}, "ACC:Y": {"max": 9313.2, "min": -530.42, "quantile": [-0.671, -0.011, 2.93]}, "ACC:Z": {"max": 994.5576265822785, "min": -593.738, "quantile": [-2.289, 0.017, 2.93]}, "EDA": {"max": 999.8059373669809, "min": -51.44529262086514, "quantile": [0.96, 1.615, 13.677099999999992]}, "GYRO:X": {"max": 935.6281666666667, "min": -944.7386, "quantile": [-13.55, 0.854, 31.342]}, "GYRO:Y": {"max": 791.8028, "min": -698.1632, "quantile": [-43.0, -0.397, 25.0]}, "GYRO:Z": {"max": 830.7982, "min": -820.5505999999999, "quantile": [-11.444, 4.364, 29.0]}, "HUMIDITY": {"max": 207888.4, "min": -3.5549999999999997, "quantile": [0.06, 63.523, 99.064]}, "MAG:X": {"max": 43.07692307692308, "min": -80.88775510204081, "quantile": [-49.0, -1.0, 28.0]}, "MAG:Y": {"max": 43.04651162790697, "min": -83.06382978723404, "quantile": [-37.0, -9.0, 35.315]}, "MAG:Z": {"max": 100.06077777777779, "min": -82.01626016260163, "quantile": [-59.0, -29.0, 73.3124]}, "PPG:GRN": {"max": 10397.0, "min": -292.7, "quantile": [5246.0, 6162.0, 7589.0]}, "PPG:IR": {"max": 207577.2, "min": -359.31980000000004, "quantile": [162808.0, 180377.0, 195657.0]}, "PPG:RED": {"max": 155403.0, "min": -256.1156, "quantile": [120719.95, 134035.0, 142825.0]}, "TEMP": {"max": 40.1908, "min": -36.743857142857145, "quantile": [34.023, 35.4055, 37.594]}, "THERM": {"max": 202833.6, "min": -79.42857142857143, "quantile": [-1.033, 35.267, 64.80080000000001]}}